{"grasps": {"0.0": [[[0.04599999999999996, 0.00899999999999997, -0.06599999999999995], [-0.697, -0.053, -0.7079999999999999, 0.09500000000000001]], [[-0.05499999999999992, -0.010999999999999973, -0.05799999999999994], [0.09600000000000002, -0.64, 0.054, 0.761]], [[-0.011999999999999976, -0.0799999999999999, 0.005000000000002114], [0.741, 0.549, -0.08900000000000001, 0.37600000000000006]]], "1.0": [[[-0.0789999999999999, -0.01399999999999997, -0.0019999999999998908], [0.112, -0.297, 0.033, 0.948]], [[-0.005999999999999985, 0.0789999999999999, -0.0129999999999999], [-0.223, -0.298, -0.635, 0.677]], [[0.0789999999999999, -0.00899999999999997, 0.016000000000002235], [0.025000000000000005, 0.9209999999999999, -0.044000000000000004, 0.387]], [[-0.03299999999999996, -0.0019999999999999896, 0.07400000000000206], [-0.639, 0.035, 0.766, 0.059]], [[0.016999999999999977, -0.0779999999999999, -0.0119999999999999], [0.128, -0.408, 0.7399999999999999, 0.519]], [[0.05799999999999992, -0.00699999999999999, -0.05599999999999994], [0.029, -0.9940000000000001, 0.063, 0.08600000000000001]], [[0.016999999999999977, 0.0789999999999999, -0.005999999999999894], [0.273, -0.697, -0.614, 0.252]], [[-0.01399999999999997, -0.0789999999999999, -0.007999999999999896], [0.734, 0.351, 0.20099999999999998, 0.545]], [[-0.042999999999999955, -0.00899999999999997, -0.06699999999999995], [0.09500000000000001, -0.7079999999999999, 0.053, 0.697]], [[0.04599999999999996, 0.00899999999999997, -0.06599999999999995], [-0.697, -0.053, -0.7079999999999999, 0.09500000000000001]], [[-0.04599999999999996, -0.002999999999999983, 0.06700000000000217], [-0.707, 0.027, 0.703, 0.066]], [[-0.014999999999999972, 0.00699999999999999, -0.07899999999999996], [-0.915, -0.04, -0.38599999999999995, 0.114]], [[0.016999999999999977, -0.005999999999999985, -0.07899999999999996], [0.06, -0.924, 0.06, 0.37399999999999994]], [[0.05799999999999992, -0.00699999999999999, -0.05599999999999994], [0.029, -0.9940000000000001, 0.063, 0.08600000000000001]], [[0.00699999999999999, -0.0779999999999999, -0.019999999999999907], [0.40199999999999997, -0.166, 0.651, 0.622]], [[0.043999999999999956, -0.01299999999999997, 0.06600000000000206], [0.066, 0.703, -0.027, 0.707]], [[-0.04599999999999996, -0.002999999999999983, 0.06700000000000217], [-0.707, 0.027, 0.703, 0.066]], [[-0.015999999999999973, -0.015999999999999973, 0.07700000000000218], [0.09900000000000002, 0.379, 0.0, 0.92]], [[-0.02899999999999996, 0.0049999999999999845, -0.07499999999999996], [-0.948, -0.033, -0.297, 0.112]], [[0.018999999999999972, -0.0779999999999999, 0.0010000000000021103], [-0.166, -0.588, 0.717, 0.336]], [[0.0739999999999999, 0.002999999999999983, 0.03300000000000214], [-0.08600000000000001, -0.063, -0.9940000000000001, 0.029]], [[0.0799999999999999, -0.00899999999999997, 0.0010000000000021103], [0.013, 0.953, -0.055, 0.299]], [[-0.042999999999999955, -0.00899999999999997, -0.06699999999999995], [0.09500000000000001, -0.7079999999999999, 0.053, 0.697]], [[-0.0739999999999999, 0.0019999999999999896, -0.03299999999999992], [-0.9899999999999999, -0.016, 0.08900000000000001, 0.109]], [[0.043999999999999956, -0.01299999999999997, 0.06600000000000206], [0.066, 0.703, -0.027, 0.707]], [[-0.005999999999999985, -0.0779999999999999, -0.017999999999999905], [0.615, 0.10000000000000002, 0.462, 0.631]], [[-0.0799999999999999, -0.0009999999999999853, 0.015000000000002123], [-0.92, 0.0, 0.379, 0.09900000000000002]], [[-0.0799999999999999, -0.0009999999999999853, 0.015000000000002123], [-0.92, 0.0, 0.379, 0.09900000000000002]], [[-0.01299999999999997, 0.0789999999999999, 0.01000000000000223], [-0.588, 0.275, -0.284, 0.706]], [[-0.015999999999999973, -0.015999999999999973, 0.07700000000000218], [0.09900000000000002, 0.379, 0.0, 0.92]], [[0.0789999999999999, 0.00699999999999999, -0.013999999999999901], [-0.37399999999999994, -0.06, -0.924, 0.06]], [[0.010999999999999973, -0.0789999999999999, 0.01100000000000212], [-0.433, -0.678, 0.586, 0.10100000000000002]], [[-0.02899999999999996, 0.0049999999999999845, -0.07499999999999996], [-0.948, -0.033, -0.297, 0.112]], [[0.00999999999999997, 0.0779999999999999, 0.017000000000002125], [-0.609, 0.6869999999999999, 0.233, 0.321]], [[-0.0019999999999999896, -0.0799999999999999, 0.013000000000002121], [0.635, 0.664, -0.365, 0.149]], [[-0.05699999999999992, -0.015999999999999973, 0.05500000000000216], [0.109, 0.08900000000000001, 0.016, 0.9899999999999999]]], "0.3333333333333333": [[[-0.002999999999999983, 0.0779999999999999, 0.018000000000002236], [-0.648, 0.52, -0.028, 0.555]], [[0.00699999999999999, 0.0789999999999999, -0.013999999999999901], [0.023000000000000003, -0.539, -0.676, 0.503]], [[0.0739999999999999, 0.002999999999999983, 0.03300000000000214], [-0.08600000000000001, -0.063, -0.9940000000000001, 0.029]], [[-0.01399999999999997, 0.0789999999999999, -0.0029999999999998916], [-0.439, -0.011000000000000001, -0.49700000000000005, 0.7479999999999999]], [[-0.0789999999999999, -0.01399999999999997, -0.0019999999999998908], [0.112, -0.297, 0.033, 0.948]]], "0.6666666666666666": [[[0.01799999999999997, 0.0779999999999999, 0.007000000000002116], [-0.47700000000000004, 0.749, 0.458, 0.04]], [[0.02899999999999996, 0.0, 0.07600000000000207], [-0.299, 0.055, 0.953, 0.013]], [[0.02899999999999996, 0.0, 0.07600000000000207], [-0.299, 0.055, 0.953, 0.013]], [[0.0799999999999999, -0.00899999999999997, 0.0010000000000021103], [0.013, 0.953, -0.055, 0.299]]]}, "parameters": {"object": "ball.urdf", "min_time": 1, "min_quality": 0, "gripper": "rGripper"}}