{"grasps": {"0.500219": [[[-0.064, -0.042, 0.064], [0.705, 0.207, -0.455, 0.504]]], "0.467479": [[[-0.068, -0.057, 0.046], [0.388, 0.07, 0.091, 0.915]]], "0.445532": [[[0.039, -0.07, 0.058], [0.384, 0.589, 0.163, 0.692]]], "0.403022": [[[0.047, -0.053, -0.071], [0.711, 0.092, 0.651, 0.251]]], "0.433591": [[[0.057, -0.045, -0.069], [0.583, -0.269, 0.726, 0.246]]], "0.511291": [[[-0.06, 0.042, 0.067], [-0.532, 0.217, 0.27, 0.772]]], "0.474442": [[[-0.064, -0.063, -0.043], [-0.844, -0.474, 0.176, 0.18]]], "0.429034": [[[0.066, -0.05, 0.056], [-0.099, -0.299, 0.945, 0.086]]], "0.456472": [[[-0.043, 0.063, -0.063], [0.478, -0.717, -0.209, 0.462]]], "0.426332": [[[0.052, 0.068, -0.052], [-0.649, 0.568, -0.439, 0.251]]], "0.366852": [[[0.049, 0.047, -0.075], [-0.499, -0.516, -0.628, 0.301]]], "0.400328": [[[0.047, 0.076, 0.038], [-0.22, 0.086, -0.779, 0.581]]], "0.498629": [[[-0.059, -0.067, 0.046], [0.125, -0.02, 0.365, 0.922]]], "0.419407": [[[0.057, 0.072, 0.031], [-0.106, -0.217, -0.888, 0.392]]], "0.491422": [[[-0.044, 0.059, 0.067], [-0.679, 0.347, 0.634, 0.129]]], "0.397389": [[[0.064, -0.063, -0.044], [-0.193, -0.924, 0.327, 0.039]]], "0.417221": [[[0.048, -0.052, 0.071], [0.341, 0.628, -0.552, 0.429]]], "0.445555": [[[-0.066, 0.06, -0.043], [-0.923, 0.155, -0.036, 0.351]]], "0.399388": [[[0.066, -0.045, -0.06], [0.366, -0.589, 0.691, 0.205]]], "0.463306": [[[0.046, -0.073, 0.048], [0.317, 0.43, 0.513, 0.672]]], "0.393481": [[[0.042, -0.063, -0.065], [0.731, 0.439, 0.476, 0.217]]], "0.481893": [[[-0.065, 0.062, 0.044], [0.192, -0.171, -0.476, 0.841]]], "0.441271": [[[-0.057, 0.044, -0.068], [-0.228, -0.598, -0.237, 0.731]]], "0.401067": [[[0.043, 0.066, -0.061], [-0.704, 0.221, -0.596, 0.317]]], "0.518195": [[[-0.07, 0.05, -0.049], [-0.801, -0.129, -0.126, 0.571]]], "0.403442": [[[0.07, 0.056, 0.042], [-0.151, 0.683, 0.703, 0.127]]], "0.385988": [[[0.054, -0.07, -0.046], [0.45, 0.889, -0.053, 0.062]]], "0.404815": [[[0.046, 0.065, 0.059], [-0.336, 0.609, -0.241, 0.677]]], "0.444602": [[[0.062, 0.062, -0.048], [-0.496, 0.828, -0.216, 0.147]]], "0.528033": [[[-0.07, -0.052, -0.048], [0.963, 0.253, -0.041, 0.087]]], "0.51743": [[[-0.06, -0.043, -0.067], [0.766, -0.267, 0.222, 0.542]]], "0.532299": [[[-0.071, 0.051, 0.048], [-0.073, -0.043, -0.252, 0.964]]], "0.382644": [[[0.066, -0.059, 0.047], [0.059, -0.049, 0.936, 0.343]]], "0.47938": [[[-0.046, 0.068, 0.057], [0.599, -0.337, -0.682, 0.25]]], "0.339619": [[[0.066, 0.063, 0.032], [0.026, -0.487, -0.861, 0.145]]], "0.360454": [[[0.045, -0.071, -0.055], [0.639, 0.719, 0.229, 0.15]]], "0.41595": [[[0.059, -0.047, 0.066], [0.238, 0.502, -0.811, 0.186]]], "0.396539": [[[0.041, 0.057, -0.07], [-0.651, -0.159, -0.662, 0.335]]], "0.518807": [[[-0.05, -0.05, -0.071], [0.479, -0.485, 0.313, 0.661]]], "0.450537": [[[-0.069, 0.043, 0.058], [-0.328, 0.095, 0.014, 0.94]]], "0.435242": [[[-0.045, -0.069, -0.056], [-0.258, -0.678, 0.345, 0.595]]], "0.41597": [[[0.043, 0.073, 0.05], [-0.301, 0.376, -0.552, 0.681]]], "0.407194": [[[0.058, -0.069, 0.044], [0.202, 0.205, 0.784, 0.549]]], "0.462622": [[[-0.042, -0.064, 0.063], [-0.415, -0.179, 0.713, 0.537]]], "0.466283": [[[-0.057, 0.068, -0.044], [-0.905, 0.415, 0.058, 0.077]]], "0.506052": [[[-0.047, 0.07, -0.053], [0.748, -0.613, -0.144, 0.209]]], "0.514477": [[[-0.05, 0.049, 0.071], [-0.656, 0.305, 0.489, 0.488]]], "0.442961": [[[0.066, 0.053, 0.053], [-0.256, 0.775, 0.438, 0.377]]], "0.408331": [[[0.067, 0.042, -0.06], [0.0, -0.95, -0.292, 0.109]]], "0.444435": [[[-0.068, -0.044, -0.058], [0.935, -0.014, 0.097, 0.34]]], "0.428768": [[[0.058, 0.04, -0.069], [-0.272, -0.793, -0.497, 0.222]]], "0.514228": [[[-0.047, 0.053, -0.07], [0.136, -0.712, -0.241, 0.646]]], "0.565916": [[[-0.049, -0.07, 0.054], [-0.156, -0.108, 0.583, 0.79]]], "0.519822": [[[0.07, -0.052, -0.049], [0.093, -0.819, 0.551, 0.132]]], "0.417365": [[[0.039, -0.061, 0.067], [0.392, 0.659, -0.21, 0.606]]], "0.49046": [[[-0.07, -0.047, 0.054], [0.591, 0.15, -0.197, 0.768]]], "0.490686": [[[-0.043, -0.061, -0.066], [0.12, -0.63, 0.356, 0.68]]], "0.520717": [[[-0.066, 0.043, -0.06], [-0.557, -0.394, -0.197, 0.705]]], "0.445586": [[[-0.045, -0.054, 0.071], [-0.609, -0.223, 0.734, 0.202]]], "0.493411": [[[-0.054, 0.069, 0.048], [0.428, -0.275, -0.626, 0.591]]], "0.379814": [[[0.069, 0.051, -0.051], [-0.267, 0.963, 0.038, 0.022]]]}, "parameters": {"gripper": "LGripper"}}