{"grasps": {"0.505778": [[[0.03, 0.006, -0.087], [-0.215, -0.891, -0.319, 0.241]]], "0.509065": [[[-0.064, 0.053, -0.032], [0.171, -0.51, -0.411, 0.736]]], "0.502238": [[[-0.011, -0.041, -0.078], [0.826, -0.097, 0.402, 0.383]]], "0.501773": [[[-0.057, -0.031, -0.058], [-0.408, -0.67, 0.062, 0.617]]], "0.50552": [[[-0.048, 0.042, 0.059], [0.571, -0.119, -0.718, 0.38]]], "0.521067": [[[-0.064, 0.054, -0.03], [0.17, -0.501, -0.414, 0.741]]], "0.514469": [[[0.033, -0.006, 0.083], [0.246, 0.305, -0.891, 0.229]]], "0.505521": [[[-0.048, 0.042, 0.059], [0.571, -0.119, -0.718, 0.38]]], "0.501775": [[[-0.057, -0.031, -0.058], [-0.408, -0.67, 0.062, 0.617]]], "0.550357": [[[0.076, 0.007, -0.043], [-0.332, 0.859, -0.389, 0.037]]], "0.507563": [[[-0.077, 0.041, -0.009], [-0.343, -0.276, -0.189, 0.878]]], "0.521068": [[[-0.064, 0.054, -0.03], [0.17, -0.501, -0.414, 0.741]]], "0.550714": [[[0.076, 0.007, -0.043], [-0.332, 0.859, -0.389, 0.037]]], "0.514466": [[[0.033, -0.006, 0.083], [0.246, 0.305, -0.891, 0.229]]], "0.50372": [[[0.032, 0.061, 0.053], [-0.396, 0.505, 0.748, 0.169]]], "0.509078": [[[-0.064, 0.053, -0.032], [0.171, -0.51, -0.411, 0.736]]], "0.502963": [[[-0.012, -0.042, -0.078], [0.826, -0.095, 0.402, 0.384]]]}, "parameters": {"gripper": "LGripper"}}