{"parameters": {"gripper": "RGripper"}, "grasps": {"0.511481": [[[-0.053, -0.011, -0.064], [-0.418, -0.605, 0.061, 0.675]]], "0.508173": [[[-0.014, 0.032, 0.081], [0.493, -0.146, -0.768, 0.382]]], "0.508174": [[[-0.014, 0.032, 0.081], [0.493, -0.146, -0.768, 0.382]]]}}