{"grasps": {"0.519757": [[[-0.064, -0.042, 0.064], [0.705, 0.207, -0.455, 0.504]]], "0.519352": [[[-0.068, -0.057, 0.046], [0.388, 0.07, 0.091, 0.915]]], "0.463972": [[[-0.07, -0.052, -0.048], [0.963, 0.253, -0.041, 0.087]]], "0.439486": [[[-0.054, -0.045, 0.071], [0.711, 0.232, -0.643, 0.164]]], "0.506394": [[[-0.045, -0.054, 0.071], [-0.609, -0.223, 0.734, 0.202]]], "0.339553": [[[0.07, 0.056, 0.042], [-0.151, 0.683, 0.703, 0.127]]], "0.479637": [[[-0.043, -0.061, -0.066], [0.12, -0.63, 0.356, 0.68]]], "0.409773": [[[0.066, -0.059, 0.047], [0.059, -0.049, 0.936, 0.343]]], "0.439259": [[[-0.06, -0.043, -0.067], [0.766, -0.267, 0.222, 0.542]]], "0.420298": [[[0.059, -0.047, 0.066], [0.238, 0.502, -0.811, 0.186]]], "0.52938": [[[-0.043, 0.063, -0.063], [0.478, -0.717, -0.209, 0.462]]], "0.502146": [[[-0.05, 0.049, 0.071], [-0.656, 0.305, 0.489, 0.488]]], "0.398334": [[[0.066, -0.045, -0.06], [0.366, -0.589, 0.691, 0.205]]], "0.398159": [[[0.064, -0.063, -0.044], [-0.193, -0.924, 0.327, 0.039]]], "0.531483": [[[-0.046, 0.068, 0.057], [0.599, -0.337, -0.682, 0.25]]], "0.277854": [[[0.069, 0.056, 0.055], [-0.256, 0.775, 0.438, 0.377]]], "0.515937": [[[-0.064, -0.063, -0.043], [-0.844, -0.474, 0.176, 0.18]]], "0.509293": [[[-0.045, -0.069, -0.056], [-0.258, -0.678, 0.345, 0.595]]], "0.530555": [[[-0.066, 0.043, -0.06], [-0.557, -0.394, -0.197, 0.705]]], "0.392056": [[[0.067, 0.064, 0.032], [0.026, -0.487, -0.861, 0.145]]], "0.489709": [[[-0.044, 0.06, 0.068], [-0.679, 0.347, 0.634, 0.129]]], "0.486754": [[[-0.057, 0.044, -0.068], [-0.228, -0.598, -0.237, 0.731]]], "0.452563": [[[0.039, -0.061, 0.067], [0.392, 0.659, -0.21, 0.606]]], "0.491615": [[[-0.07, 0.05, -0.049], [-0.801, -0.129, -0.126, 0.571]]], "0.425288": [[[0.052, 0.068, -0.052], [-0.649, 0.568, -0.439, 0.251]]], "0.405496": [[[0.069, 0.051, -0.051], [-0.267, 0.963, 0.038, 0.022]]], "0.459589": [[[-0.047, 0.053, -0.07], [0.136, -0.712, -0.241, 0.646]]], "0.354458": [[[0.062, 0.062, -0.048], [-0.496, 0.828, -0.216, 0.147]]], "0.461015": [[[-0.047, 0.07, -0.053], [0.748, -0.613, -0.144, 0.209]]], "0.414081": [[[0.058, 0.04, -0.069], [-0.272, -0.793, -0.497, 0.222]]], "0.531225": [[[-0.057, 0.068, -0.044], [-0.905, 0.415, 0.058, 0.077]]], "0.403963": [[[0.039, -0.07, 0.058], [0.384, 0.589, 0.163, 0.692]]], "0.397977": [[[0.054, -0.07, -0.046], [0.45, 0.889, -0.053, 0.062]]], "0.357437": [[[0.07, -0.052, -0.049], [0.093, -0.819, 0.551, 0.132]]], "0.414561": [[[0.066, -0.05, 0.056], [-0.099, -0.299, 0.945, 0.086]]], "0.478941": [[[0.057, -0.045, -0.069], [0.583, -0.269, 0.726, 0.246]]], "0.397023": [[[0.042, -0.063, -0.065], [0.731, 0.439, 0.476, 0.217]]], "0.443046": [[[0.043, 0.066, -0.061], [-0.704, 0.221, -0.596, 0.317]]], "0.504776": [[[-0.066, 0.06, -0.043], [-0.923, 0.155, -0.036, 0.351]]], "0.450779": [[[-0.054, -0.07, -0.047], [-0.596, -0.624, 0.282, 0.42]]], "0.461924": [[[0.046, 0.065, 0.059], [-0.336, 0.609, -0.241, 0.677]]], "0.454178": [[[-0.071, 0.051, 0.048], [-0.073, -0.043, -0.252, 0.964]]], "0.468053": [[[-0.07, -0.047, 0.054], [0.591, 0.15, -0.197, 0.768]]], "0.504255": [[[-0.059, -0.067, 0.046], [0.125, -0.02, 0.365, 0.922]]], "0.117937": [[[0.059, -0.071, 0.045], [0.202, 0.205, 0.784, 0.549]]], "0.436004": [[[0.047, -0.053, -0.071], [0.711, 0.092, 0.651, 0.251]]], "0.401544": [[[0.048, -0.052, 0.071], [0.341, 0.628, -0.552, 0.429]]], "0.447426": [[[-0.054, 0.069, 0.048], [0.428, -0.275, -0.626, 0.591]]], "0.44581": [[[-0.069, 0.043, 0.058], [-0.328, 0.095, 0.014, 0.94]]], "0.328507": [[[0.057, 0.072, 0.031], [-0.106, -0.217, -0.888, 0.392]]], "0.412527": [[[0.048, 0.046, -0.074], [-0.499, -0.516, -0.628, 0.301]]], "0.449118": [[[-0.048, -0.07, 0.053], [-0.156, -0.108, 0.583, 0.79]]], "0.442796": [[[-0.06, 0.042, 0.067], [-0.532, 0.217, 0.27, 0.772]]], "0.406271": [[[0.046, -0.073, 0.048], [0.317, 0.43, 0.513, 0.672]]], "0.463274": [[[-0.05, -0.05, -0.071], [0.479, -0.485, 0.313, 0.661]]], "0.433199": [[[0.045, -0.071, -0.055], [0.639, 0.719, 0.229, 0.15]]], "0.414024": [[[0.047, 0.076, 0.038], [-0.22, 0.086, -0.779, 0.581]]], "0.487299": [[[-0.068, -0.044, -0.058], [0.935, -0.014, 0.097, 0.34]]], "0.486426": [[[-0.042, -0.064, 0.063], [-0.415, -0.179, 0.713, 0.537]]], "0.511032": [[[-0.065, 0.062, 0.044], [0.192, -0.171, -0.476, 0.841]]], "0.386073": [[[0.067, 0.042, -0.06], [0.0, -0.95, -0.292, 0.109]]]}, "parameters": {"gripper": "RGripper"}}