{"parameters": {"gripper": "rGripper"}, "grasps": {"0.417023": [[[-0.065, -0.043, 0.065], [0.705, 0.207, -0.455, 0.504]]], "0.380712": [[[-0.069, -0.059, 0.047], [0.388, 0.07, 0.091, 0.915]]], "0.415267": [[[-0.061, 0.043, 0.069], [-0.532, 0.217, 0.27, 0.772]]], "0.431094": [[[0.055, -0.071, -0.046], [0.45, 0.889, -0.053, 0.062]]], "0.437115": [[[0.049, 0.047, -0.075], [-0.499, -0.516, -0.628, 0.301]]], "0.412915": [[[0.047, -0.054, -0.071], [0.711, 0.092, 0.651, 0.251]]], "0.372866": [[[-0.054, -0.045, 0.072], [0.711, 0.232, -0.643, 0.164]]], "0.433852": [[[0.064, 0.063, -0.049], [-0.496, 0.828, -0.216, 0.147]]], "0.366097": [[[0.053, 0.069, -0.053], [-0.649, 0.568, -0.439, 0.251]]], "0.447443": [[[0.067, -0.06, 0.048], [0.059, -0.049, 0.936, 0.343]]], "0.48913": [[[-0.072, 0.053, 0.049], [-0.073, -0.043, -0.252, 0.964]]], "0.385807": [[[-0.058, 0.046, -0.069], [-0.228, -0.598, -0.237, 0.731]]], "0.472439": [[[-0.051, -0.051, -0.072], [0.479, -0.485, 0.313, 0.661]]], "0.395954": [[[0.048, -0.052, 0.072], [0.341, 0.628, -0.552, 0.429]]], "0.379954": [[[0.067, -0.046, -0.061], [0.366, -0.589, 0.691, 0.205]]], "0.489087": [[[-0.046, -0.055, 0.072], [-0.609, -0.223, 0.734, 0.202]]], "0.491668": [[[-0.071, -0.053, -0.049], [0.963, 0.253, -0.041, 0.087]]], "0.34639": [[[0.058, -0.047, -0.07], [0.583, -0.269, 0.726, 0.246]]], "0.480401": [[[-0.071, -0.048, 0.055], [0.591, 0.15, -0.197, 0.768]]], "0.448305": [[[-0.055, 0.07, 0.049], [0.428, -0.275, -0.626, 0.591]]], "0.444204": [[[-0.048, 0.071, -0.054], [0.748, -0.613, -0.144, 0.209]]], "0.392375": [[[0.067, -0.052, 0.058], [-0.099, -0.299, 0.945, 0.086]]], "0.341492": [[[0.047, -0.074, 0.049], [0.317, 0.43, 0.513, 0.672]]], "0.482871": [[[-0.048, 0.054, -0.071], [0.136, -0.712, -0.241, 0.646]]], "0.383052": [[[0.042, 0.058, -0.071], [-0.651, -0.159, -0.662, 0.335]]], "0.464181": [[[-0.044, 0.064, -0.064], [0.478, -0.717, -0.209, 0.462]]], "0.456882": [[[-0.061, -0.044, -0.068], [0.766, -0.267, 0.222, 0.542]]], "0.398882": [[[0.071, -0.054, -0.051], [0.093, -0.819, 0.551, 0.132]]], "0.403035": [[[0.067, 0.065, 0.033], [0.026, -0.487, -0.861, 0.145]]], "0.500181": [[[0.067, 0.054, 0.054], [-0.256, 0.775, 0.438, 0.377]]], "0.490716": [[[0.059, -0.048, 0.067], [0.238, 0.502, -0.811, 0.186]]], "0.485245": [[[-0.046, -0.07, -0.058], [-0.258, -0.678, 0.345, 0.595]]], "0.39386": [[[0.04, -0.062, 0.068], [0.392, 0.659, -0.21, 0.606]]], "0.39068": [[[0.068, 0.043, -0.061], [0.0, -0.95, -0.292, 0.109]]], "0.363955": [[[-0.07, 0.044, 0.059], [-0.328, 0.095, 0.014, 0.94]]], "0.310688": [[[0.048, 0.077, 0.039], [-0.22, 0.086, -0.779, 0.581]]], "0.340692": [[[0.04, -0.071, 0.059], [0.384, 0.589, 0.163, 0.692]]], "0.470826": [[[-0.051, 0.05, 0.072], [-0.656, 0.305, 0.489, 0.488]]], "0.521184": [[[-0.06, -0.068, 0.047], [0.125, -0.02, 0.365, 0.922]]], "0.424687": [[[-0.049, -0.071, 0.054], [-0.156, -0.108, 0.583, 0.79]]], "0.368059": [[[0.071, 0.057, 0.042], [-0.151, 0.683, 0.703, 0.127]]], "0.296993": [[[0.044, 0.075, 0.051], [-0.301, 0.376, -0.552, 0.681]]], "0.346522": [[[0.058, 0.073, 0.031], [-0.106, -0.217, -0.888, 0.392]]], "0.403882": [[[0.045, -0.071, -0.055], [0.639, 0.719, 0.229, 0.15]]], "0.426415": [[[0.044, 0.067, -0.062], [-0.704, 0.221, -0.596, 0.317]]], "0.461404": [[[-0.055, -0.071, -0.048], [-0.596, -0.624, 0.282, 0.42]]], "0.48318": [[[-0.047, 0.069, 0.059], [0.599, -0.337, -0.682, 0.25]]], "0.407835": [[[0.042, -0.064, -0.065], [0.731, 0.439, 0.476, 0.217]]], "0.451164": [[[-0.072, 0.051, -0.05], [-0.801, -0.129, -0.126, 0.571]]], "0.458468": [[[0.048, 0.067, 0.06], [-0.336, 0.609, -0.241, 0.677]]], "0.479451": [[[-0.058, 0.07, -0.046], [-0.905, 0.415, 0.058, 0.077]]], "0.422881": [[[0.058, -0.069, 0.044], [0.202, 0.205, 0.784, 0.549]]], "0.467516": [[[-0.065, -0.064, -0.044], [-0.844, -0.474, 0.176, 0.18]]], "0.371275": [[[-0.07, -0.045, -0.059], [0.935, -0.014, 0.097, 0.34]]], "0.432323": [[[0.066, -0.064, -0.045], [-0.193, -0.924, 0.327, 0.039]]], "0.425708": [[[0.059, 0.041, -0.071], [-0.272, -0.793, -0.497, 0.222]]], "0.375713": [[[0.058, 0.059, 0.062], [-0.32, 0.749, 0.107, 0.57]]], "0.399803": [[[0.07, 0.052, -0.052], [-0.267, 0.963, 0.038, 0.022]]], "0.485231": [[[-0.066, 0.063, 0.045], [0.192, -0.171, -0.476, 0.841]]], "0.505618": [[[-0.068, 0.044, -0.061], [-0.557, -0.394, -0.197, 0.705]]]}}