{"grasps": {"0.401486": [[[0.01, 0.078, 0.017], [-0.609, 0.687, 0.233, 0.321]]], "0.391507": [[[0.017, 0.079, -0.006], [0.273, -0.697, -0.614, 0.252]]], "0.434965": [[[0.08, -0.009, 0.001], [0.013, 0.953, -0.055, 0.299]]], "0.428782": [[[0.058, -0.007, -0.056], [0.029, -0.994, 0.063, 0.086]]], "0.415495": [[[-0.08, -0.001, 0.015], [-0.92, 0.0, 0.379, 0.099]]], "0.417999": [[[-0.046, -0.003, 0.067], [-0.707, 0.027, 0.703, 0.066]]], "0.434962": [[[0.08, -0.009, 0.001], [0.013, 0.953, -0.055, 0.299]]], "0.432924": [[[-0.013, 0.079, 0.01], [-0.588, 0.275, -0.284, 0.706]]], "0.38096": [[[0.029, -0.0, 0.076], [-0.299, 0.055, 0.953, 0.013]]], "0.376336": [[[0.074, 0.003, 0.033], [-0.086, -0.063, -0.994, 0.029]]], "0.456074": [[[-0.016, -0.016, 0.077], [0.099, 0.379, 0.0, 0.92]]], "0.427147": [[[0.044, -0.013, 0.066], [0.066, 0.703, -0.027, 0.707]]], "0.40213": [[[-0.029, 0.005, -0.075], [-0.948, -0.033, -0.297, 0.112]]], "0.456086": [[[-0.016, -0.016, 0.077], [0.099, 0.379, 0.0, 0.92]]], "0.376331": [[[0.074, 0.003, 0.033], [-0.086, -0.063, -0.994, 0.029]]], "0.415486": [[[-0.08, -0.001, 0.015], [-0.92, 0.0, 0.379, 0.099]]], "0.380963": [[[0.029, -0.0, 0.076], [-0.299, 0.055, 0.953, 0.013]]], "0.407669": [[[-0.074, 0.002, -0.033], [-0.99, -0.016, 0.089, 0.109]]], "0.442141": [[[-0.079, -0.014, -0.002], [0.112, -0.297, 0.033, 0.948]]], "0.404396": [[[-0.015, 0.007, -0.079], [-0.915, -0.04, -0.386, 0.114]]], "0.42712": [[[0.044, -0.013, 0.066], [0.066, 0.703, -0.027, 0.707]]], "0.440468": [[[-0.014, 0.079, -0.003], [-0.439, -0.011, -0.497, 0.748]]], "0.423141": [[[0.017, -0.006, -0.079], [0.06, -0.924, 0.06, 0.374]]], "0.374491": [[[0.079, 0.007, -0.014], [-0.374, -0.06, -0.924, 0.06]]], "0.456915": [[[-0.043, -0.009, -0.067], [0.095, -0.708, 0.053, 0.697]]], "0.430037": [[[-0.006, 0.079, -0.013], [-0.223, -0.298, -0.635, 0.677]]], "0.396045": [[[-0.033, -0.002, 0.074], [-0.639, 0.035, 0.766, 0.059]]], "0.427981": [[[0.079, -0.009, 0.016], [0.025, 0.921, -0.044, 0.387]]], "0.397455": [[[0.018, 0.078, 0.007], [-0.477, 0.749, 0.458, 0.04]]], "0.401208": [[[0.007, 0.079, -0.014], [0.023, -0.539, -0.676, 0.503]]], "0.428012": [[[-0.002, -0.08, 0.013], [0.635, 0.664, -0.365, 0.149]]], "0.402139": [[[-0.029, 0.005, -0.075], [-0.948, -0.033, -0.297, 0.112]]], "0.409527": [[[0.017, -0.078, -0.012], [0.128, -0.408, 0.74, 0.519]]], "0.426486": [[[-0.003, 0.078, 0.018], [-0.648, 0.52, -0.028, 0.555]]], "0.440961": [[[-0.057, -0.016, 0.055], [0.109, 0.089, 0.016, 0.99]]], "0.407035": [[[0.007, -0.078, -0.02], [0.402, -0.166, 0.651, 0.622]]], "0.410056": [[[0.019, -0.078, 0.001], [-0.166, -0.588, 0.717, 0.336]]], "0.45499": [[[-0.055, -0.011, -0.058], [0.096, -0.64, 0.054, 0.761]]], "0.417932": [[[-0.046, -0.003, 0.067], [-0.707, 0.027, 0.703, 0.066]]], "0.4258": [[[-0.014, -0.079, -0.008], [0.734, 0.351, 0.201, 0.545]]], "0.433531": [[[-0.012, -0.08, 0.005], [0.741, 0.549, -0.089, 0.376]]], "0.456927": [[[-0.043, -0.009, -0.067], [0.095, -0.708, 0.053, 0.697]]], "0.406698": [[[0.011, -0.079, 0.011], [-0.433, -0.678, 0.586, 0.101]]], "0.383953": [[[0.046, 0.009, -0.066], [-0.697, -0.053, -0.708, 0.095]]], "0.426909": [[[-0.006, -0.078, -0.018], [0.615, 0.1, 0.462, 0.631]]], "0.428781": [[[0.058, -0.007, -0.056], [0.029, -0.994, 0.063, 0.086]]], "0.384005": [[[0.046, 0.009, -0.066], [-0.697, -0.053, -0.708, 0.095]]], "0.44214": [[[-0.079, -0.014, -0.002], [0.112, -0.297, 0.033, 0.948]]]}, "parameters": {"gripper": "rGripper"}}